{
    "xgb": {
        "recall": 0.17251365426139972,
        "precision": 0.6119671983418942,
        "f1_score": 0.26915302603939595
    },
    "rf": {
        "recall": 0.02949320462339642,
        "precision": 0.8543046357615894,
        "f1_score": 0.05701797465867793
    },
    "nn": {
        "recall": 0.19951733773656802,
        "precision": 0.5966724910734635,
        "f1_score": 0.2990405117270789
    }
}